{
  "champions": {
    "Performance": {
      "hparams": {
        "num_layers": 2,
        "neurons": 512,
        "lr": 0.000939,
        "activation": "relu",
        "dropout": 0.105
      },
      "validation": {
        "success": {
          "accuracy": 0.8745555555555555,
          "balanced_accuracy": 0.8762979862779765,
          "precision_macro": 0.8754348594066015,
          "precision_micro": 0.8745555555555555,
          "precision_weighted": 0.8752586308709699,
          "recall_macro": 0.8762979862779765,
          "recall_micro": 0.8745555555555555,
          "recall_weighted": 0.8745555555555555,
          "f1_macro": 0.8742510291998478,
          "f1_micro": 0.8745555555555555,
          "f1_weighted": 0.873314081237313,
          "jaccard_macro": 0.787735326782577,
          "cohen_kappa": 0.8606176013371493,
          "matthews_corrcoef": 0.8610057951672836,
          "roc_auc_ovr_macro": 0.9907800018510541,
          "param_count": 669706,
          "inference_ms_per_batch": 9.605099996810573,
          "inference_ms_per_sample": 0.01875996093127065
        },
        "error": {
          "error_rate": 0.12544444444444447,
          "misclassification_rate": 0.12544444444444447,
          "top1_error_rate": 0.12544444444444447,
          "zero_one_loss": 0.12544444444444447,
          "hamming_loss": 0.12544444444444444,
          "log_loss": 0.3415137276382956,
          "brier_score_macro": 0.017697331635281442,
          "macro_false_positive_rate": 0.013938607982818948,
          "macro_false_negative_rate": 0.1237020137220235,
          "misclassified_count": 1129,
          "total_samples": 9000,
          "correct_count": 7871,
          "per_class_error": {
            "T-shirt/top": {
              "error_rate": 0.19999999999999996,
              "misclassified": 194,
              "support": 970
            },
            "Trouser": {
              "error_rate": 0.01941747572815533,
              "misclassified": 18,
              "support": 927
            },
            "Pullover": {
              "error_rate": 0.24382022471910114,
              "misclassified": 217,
              "support": 890
            },
            "Dress": {
              "error_rate": 0.07109557109557108,
              "misclassified": 61,
              "support": 858
            },
            "Coat": {
              "error_rate": 0.12658227848101267,
              "misclassified": 110,
              "support": 869
            },
            "Sandal": {
              "error_rate": 0.04372197309417036,
              "misclassified": 39,
              "support": 892
            },
            "Shirt": {
              "error_rate": 0.3609341825902336,
              "misclassified": 340,
              "support": 942
            },
            "Sneaker": {
              "error_rate": 0.08413461538461542,
              "misclassified": 70,
              "support": 832
            },
            "Bag": {
              "error_rate": 0.03276836158192087,
              "misclassified": 29,
              "support": 885
            },
            "Ankle boot": {
              "error_rate": 0.054545454545454564,
              "misclassified": 51,
              "support": 935
            }
          }
        },
        "classification_report": "              precision    recall  f1-score   support\n\n T-shirt/top       0.83      0.80      0.81       970\n     Trouser       0.99      0.98      0.98       927\n    Pullover       0.86      0.76      0.80       890\n       Dress       0.80      0.93      0.86       858\n        Coat       0.76      0.87      0.81       869\n      Sandal       0.94      0.96      0.95       892\n       Shirt       0.74      0.64      0.68       942\n     Sneaker       0.93      0.92      0.92       832\n         Bag       0.96      0.97      0.97       885\n  Ankle boot       0.95      0.95      0.95       935\n\n    accuracy                           0.87      9000\n   macro avg       0.88      0.88      0.87      9000\nweighted avg       0.88      0.87      0.87      9000\n"
      },
      "test": {
        "success": {
          "accuracy": 0.8732,
          "balanced_accuracy": 0.8732,
          "precision_macro": 0.8738767027941542,
          "precision_micro": 0.8732,
          "precision_weighted": 0.8738767027941542,
          "recall_macro": 0.8732,
          "recall_micro": 0.8732,
          "recall_weighted": 0.8732,
          "f1_macro": 0.872268188940374,
          "f1_micro": 0.8732,
          "f1_weighted": 0.8722681889403741,
          "jaccard_macro": 0.7846689237132115,
          "cohen_kappa": 0.859111111111111,
          "matthews_corrcoef": 0.8594249349029291,
          "roc_auc_ovr_macro": 0.9896323222222222,
          "param_count": 669706,
          "inference_ms_per_batch": 2.1358550031436607,
          "inference_ms_per_sample": 0.004171591803014962
        },
        "error": {
          "error_rate": 0.12680000000000002,
          "misclassification_rate": 0.12680000000000002,
          "top1_error_rate": 0.12680000000000002,
          "zero_one_loss": 0.12680000000000002,
          "hamming_loss": 0.1268,
          "log_loss": 0.35564231387663503,
          "brier_score_macro": 0.01851527236867696,
          "macro_false_positive_rate": 0.01408888888888889,
          "macro_false_negative_rate": 0.1268,
          "misclassified_count": 1268,
          "total_samples": 10000,
          "correct_count": 8732,
          "per_class_error": {
            "T-shirt/top": {
              "error_rate": 0.20199999999999996,
              "misclassified": 202,
              "support": 1000
            },
            "Trouser": {
              "error_rate": 0.030000000000000027,
              "misclassified": 30,
              "support": 1000
            },
            "Pullover": {
              "error_rate": 0.24,
              "misclassified": 240,
              "support": 1000
            },
            "Dress": {
              "error_rate": 0.08399999999999996,
              "misclassified": 84,
              "support": 1000
            },
            "Coat": {
              "error_rate": 0.14700000000000002,
              "misclassified": 147,
              "support": 1000
            },
            "Sandal": {
              "error_rate": 0.04400000000000004,
              "misclassified": 44,
              "support": 1000
            },
            "Shirt": {
              "error_rate": 0.355,
              "misclassified": 355,
              "support": 1000
            },
            "Sneaker": {
              "error_rate": 0.08699999999999997,
              "misclassified": 87,
              "support": 1000
            },
            "Bag": {
              "error_rate": 0.027000000000000024,
              "misclassified": 27,
              "support": 1000
            },
            "Ankle boot": {
              "error_rate": 0.052000000000000046,
              "misclassified": 52,
              "support": 1000
            }
          }
        },
        "classification_report": "              precision    recall  f1-score   support\n\n T-shirt/top       0.85      0.80      0.82      1000\n     Trouser       0.99      0.97      0.98      1000\n    Pullover       0.84      0.76      0.80      1000\n       Dress       0.80      0.92      0.86      1000\n        Coat       0.75      0.85      0.80      1000\n      Sandal       0.93      0.96      0.94      1000\n       Shirt       0.73      0.65      0.68      1000\n     Sneaker       0.94      0.91      0.93      1000\n         Bag       0.96      0.97      0.97      1000\n  Ankle boot       0.95      0.95      0.95      1000\n\n    accuracy                           0.87     10000\n   macro avg       0.87      0.87      0.87     10000\nweighted avg       0.87      0.87      0.87     10000\n"
      }
    },
    "Efficiency": {
      "hparams": {
        "num_layers": 1,
        "neurons": 16,
        "lr": 0.002247,
        "activation": "elu",